{
  "tas": {
    "mean": 295.55999755859375,
    "std": 10.004785537719727
  },
  "pr": {
    "mean": 2.598958417365793e-05,
    "std": 1.626645098440349e-05
  },
  "hurs": {
    "mean": 62.1005973815918,
    "std": 18.437387466430664
  },
  "sfcWind": {
    "mean": 4.0836663246154785,
    "std": 0.7878375053405762
  }
}